https://natgeo.imgix.net/shows/thumbnails/SavingInfinity_04.jpg?auto=compress,format&w=1920&h=960&fit=crop
https://upload.wikimedia.org/wikipedia/commons/thumb/8/83/Spider_monkey_-Belize_Zoo-8b.jpg/220px-Spider_monkey_-Belize_Zoo-8b.jpg
https://audubonnatureinstitute.org/images/600x450/zoo/spider-monkey-600.jpg
http://inneroptics.net/files/cache/wm_8647c6e7f746ef4ba1725d7cce84a9d5.jpg
https://i.pinimg.com/originals/5f/73/1b/5f731bf1bedf2cf1b948421b549233da.png
https://upload.wikimedia.org/wikipedia/commons/d/dc/BrownSpiderMonkey_%28edit2%29.jpg
https://i.pinimg.com/236x/5b/ac/f4/5bacf4f8736f882a9fbf69de3ab57c5f--primates-mammals.jpg
https://thumbs-prod.si-cdn.com/9chKWEIw9dKDyFJ_UP_Hm61NAzk=/800x0/filters:no_upscale()/https://public-media.si-cdn.com/filer/Wild-Things-spider-monkey-1.jpg
https://toucanrescueranch.org/wp-content/uploads/2018/02/SM-Desktop-BG-3.jpg
https://www.nationalgeographic.com/content/dam/animals/thumbs/rights-exempt/mammals/group/spider-monkeys_thumb.JPG
http://elelur.com/data_images/mammals/spider-monkey/spider-monkey-07.jpg
http://www.belfastzoo.co.uk/web/multimediafiles/thumbcolombian-spider-monkey1823_477.jpg
https://img.purch.com/w/660/aHR0cDovL3d3dy5saXZlc2NpZW5jZS5jb20vaW1hZ2VzL2kvMDAwLzAyMy85NTcvb3JpZ2luYWwvYnJvd24tc3BpZGVyLW1vbmtleS1saW1icy0xMjAxMjUtMDIuanBn
https://cdn.britannica.com/s:300x300/27/153227-004-0D18AF1D.jpg
https://www.joelsartore.com/assets/stock/ANI040/ANI040-00003-400x267.jpg?x31785
https://i.pinimg.com/originals/d6/3a/ae/d63aae3d369a16a6b6c68ac9597c6966.jpg
http://elelur.com/data_images/mammals/spider-monkey/spider-monkey-02.jpg
https://www.dudleyzoo.org.uk/wp-content/uploads/DZG_Spider_Monkey_4.jpg
http://www.newscientist.com/wp-content/uploads/2014/03/dn25173-1_800.jpg
https://animalcorner.co.uk/wp-content/uploads/2015/02/spider-monkey-1-1.jpg
https://cdn.shopify.com/s/files/1/2281/5369/products/291629_1_x700.jpg?v=1548944216
https://static1.squarespace.com/static/56d4630dd51cd46806b7070f/t/57696fda20099e3c930beac3/1466527707751/
https://cdn.newsapi.com.au/image/v1/b2494d549717ce40b89cd2626b78f8f6
http://r.ddmcdn.com/s_f/o_1/APL/uploads/2015/11/black-spider-monkey-ARTICLE-PAGE.jpg
http://i.ytimg.com/vi/yqzVI0CSKCU/hqdefault.jpg
https://www.globalgiving.org/pfil/35131/pict_large.jpg
https://d30g5rxy3ee0r1.cloudfront.net/wp-content/uploads/2016/12/2247925_by_Logan72459_black-spider-monkey-pedro-at-colchester-zoo-1994.jpg
http://hamiltonzoo.co.nz/assets/animals/_resampled/SetWidth700-spider-monkey.jpg
https://upload.wikimedia.org/wikipedia/commons/thumb/8/84/Ateles_fusciceps_Colombia.JPG/1200px-Ateles_fusciceps_Colombia.JPG
https://lh6.googleusercontent.com/-lkDyYH3i9VI/TYk6eMlM3ZI/AAAAAAAAB7k/OaozV8imOaU/s1600/%255BUNSET%255D.jpg
https://monkeyland.co.za/userfiles/images/gallery/baby-Liam.jpg
https://media-cdn.tripadvisor.com/media/photo-s/0f/48/ca/c7/spider-monkey-in-corcovado.jpg
https://dingo.care2.com/pictures/petition_images/petition/043/537770-1409238884-wide.jpg
https://www.cell.com/cms/attachment/2021746097/2041589912/gr1.jpg
http://s1.thingpic.com/images/Xs/CWBvaZ5w85SGMExdwg4s1p1p.jpeg
http://1.bp.blogspot.com/_t1h2x1ExTU8/StYc-OhISdI/AAAAAAAAIr8/pMGX5U_atuE/s400/spider-monkey.jpg
https://i.pinimg.com/originals/a0/e2/6c/a0e26cd3980ce437a4839521ec9989fb.jpg
http://r.ddmcdn.com/s_f/o_1/w_1024/h_683/APL/uploads/2015/11/black-spider-monkey-FRONT-PAGE.jpg
https://natgeo.imgix.net/subject-spider%20monkey.jpg?auto=compress,format&w=1920&h=960&fit=crop
https://imgc.artprintimages.com/img/print/mexico-yucatan-spider-monkey-adult-standing_u-l-q13b2fd0.jpg?h=900&w=900
https://www.sanignaciobelize.com/Portals/0/blog/2017-10%20Monkeys/m-02.jpg?ver=2017-10-03-100326-300
https://cmkt-image-prd.global.ssl.fastly.net/0.1.0/ps/4611023/910/608/m1/fpnw/wm1/leqermxxlf3pc7xtsbt0qzqzqhro8wkduib5hm7grocawf9efkenvsvhygfllj1h-.jpg?1529052761&s=3cc084355f649152fece6a6f1add9673
https://static1.squarespace.com/static/56d4630dd51cd46806b7070f/574459fc59827ebf9a5413a1/57445a7962cd949c844e40a6/1466549169454/Eran+spider+Mexico.jpg?format=2500w
https://a-z-animals.com/media/animals/images/original/spider_monkey.jpg
https://pixfeeds.com/images/animals/monkeys/1280-608516586-screaming-spider-monkey.jpg
https://potterparkzoo.org/wp-content/uploads/2017/04/Spider-monkey-bday_small-640x480.jpg
http://humanfoodproject.com/wp-content/uploads/2012/06/spidermonkey.jpg
https://www.nationalgeographic.com/content/dam/animals/pictures/mammals/group/spider-monkeys/spider-monkeys_05.jpg
https://ichef.bbci.co.uk/images/ic/1200x675/p03q3pmb.jpg
https://assets.aucklandzoo.co.nz/assets/media/spider-monkey-gallery-2.jpg
http://i.imgur.com/Cgk63Sb.jpg
https://i.pinimg.com/originals/2c/eb/51/2ceb516a1d768a1238151b78ad26376a.jpg
https://i.ytimg.com/vi/E4bWAQNZRxY/maxresdefault.jpg
https://media.mnn.com/assets/images/2016/12/jaymi-heimbuch-_JHX1292-01.jpg
https://www.monkeyland.co.za/userfiles/mkboe/gallery/Paulasphotos/OuryoungSpiderMonkey.JPG
https://www.nationalgeographic.com/content/dam/animals/pictures/mammals/group/spider-monkeys/spider-monkeys_04.JPG
http://www.guianas-geographic.com/uploads/galeries/usg2-kwata-le-singe-araignee/jeune-kwata.jpg
https://news.co.cr/wp-content/uploads/2012/08/spider-monkeys-in-costa-rica.jpg
http://www.bahiarica.com/wp-content/uploads/2013/04/monkey-260.jpg
https://www.backyardnature.net/n/16/161009hn.jpg
https://content.zoo.org.au/sites/default/files/spider-monkey-baby-620x380.jpg
http://mediad.publicbroadcasting.net/p/wpln/files/styles/medium/public/201704/spidermonkey4-matt_andrews.jpg
https://www.zoo.org.au/sites/default/files/styles/zv_carousel_large/public/spider-monkey-baby4-620x380.jpg?itok=Ukf0LTED
https://www.hoglezoo.org/wp-content/themes/hoglezoo_new/images/animal_finder/SpiderMonkeys.jpg
https://thumbs-prod.si-cdn.com/ikXSGofrLgIFQOgGv--QQ8-uEG0=/fit-in/1600x0/https://public-media.si-cdn.com/filer/27/9e/279e5b86-2a0c-4533-a2cd-19f128ac0f2c/3249570876_953c44b6a4_z.jpg
https://animalcorner.co.uk/wp-content/uploads/2015/02/15682320844_190fd48795_k-350x205.jpg
http://osaconservation.org/wp-content/uploads/2017/09/spider-monkey-in-tree.png
http://www.randysplanet.com/wp-content/uploads/2015/04/spidermonkey3-e1428245397528.jpg
https://img-aws.ehowcdn.com/750x428p/photos.demandstudios.com/getty/article/88/189/200207827-001_XS.jpg
https://www.czs.org/getattachment/Brookfield-ZOO/Zoo-Animals/Tropic-World/Black-Handed-Spider-Monkey/black-handed-spider-monkey_560x390-(1).jpg.aspx
http://endangeredspeciesearth.com/sitebuilder/images/woolley_monkey-585x393.jpg
https://i.pinimg.com/originals/d6/c5/ff/d6c5fffadd519c0b3c1b9fd8d49e9274.jpg
http://www.allaboutwildlife.com/wp-content/uploads/2011/04/SpiderMonkey.jpg
https://www.exoticanimalsforsale.net/img/Spider-monkey.jpg
https://www.bristolzoo.org.uk/cmsassets/heroes/Animals-and-attractions/_heroHorizontal/Brown-spider-monkey-hero.jpg
http://moransanimaladaptations.yolasite.com/resources/Spider-Monkey-.jpg
https://www.biodiversityscience.com/files/2012/12/MRBR-10335.jpg
https://images.ctfassets.net/go54bjdzbrgi/6MTOIjEsI8Ekmo8EcIkIKS/e38413207031e31bcbc13802bb3cbbfb/pix4d-use-case-preserving-spider-monkey-environmental-monitoring.jpg?w=1200&fm=jpg&q=80
https://www.zsl.org/sites/default/files/styles/leader/public/image/2014-01/Spider-Monkey-02-WR.jpg?itok=9AjOkZu6
http://belizezoo.org/images/stories/monica%20and%20baby.jpg
https://c.ndtvimg.com/2018-09/4hbl4gpo_colombia-zoo-spider-monkey-baby-650_625x300_14_September_18.jpg
https://media.buzzle.com/media/images-en/gallery/mammals/monkeys/1200-485125530-geoffroys-spider-monkey.jpg
https://www.costarica.com/contentAsset/image/15e60a67-721d-4d81-a50c-e628c14bcdc6/fileAsset/filter/Resize,Jpeg/resize_w/1000/Jpeg_q/.8/x.pagespeed.ic.vNNXj9nv0T.jpg
https://www.globalgiving.org/pfil/35131/ph_35131_128493.jpg
https://www.lamar.edu/arts-sciences/_files/images/biology/jungle-critters-2012/spider-monkey.jpg
https://cmkt-image-prd.global.ssl.fastly.net/0.1.0/ps/5067956/910/607/m2/fpnw/wm1/wndwxrnc2vyigjbxoqbgo5getbjzkjmwpvsr5kkab1bwrkxdadurztlpyt3bbinh-.jpg?1537263227&s=37c917f6fe94eb696bd55c84d3ca3dc1
https://taronga.org.au/sites/default/files/styles/opengraph/public/content/header-images/spider-monkey-babies-growing-up-12072018-animals.jpg?itok=NXldDXB3
http://childrenstorytales.com/wp-content/uploads/2011/08/spidermonkey11.jpg
http://photos.mongabay.com/12/marla_spider_monkey.jpg
http://pasopacifico.org/wp-content/uploads/2017/05/Mono-Ara%C3%B1a-secuencia-1-1024x712.jpg
http://hernandezryan.weebly.com/uploads/2/5/1/4/25142841/547272639.jpg
https://lh6.googleusercontent.com/-8WmIR2cUjas/TYk6gOj4HWI/AAAAAAAAB7o/LIABOfRnox0/s1600/img7369spidermonkey.jpg
https://www.boundlessroads.com/wp-content/uploads/2016/08/3-monkeysIMG_0039.jpg
https://cdn3.volusion.com/9nxdj.fchy5/v/vspfiles/photos/HN-3680-2.jpg?1446554295
https://s3.amazonaws.com/mongabay/mexico/600/cancun_0844b.jpg
http://www.freakingnews.com/pictures/68000/Mutant-Spider-Monkey--68055.jpg
https://www.monkeysanctuary.co.za/images/Facts/black-handed-spider-monkey22.jpg
https://upload.wikimedia.org/wikipedia/commons/thumb/1/16/Panama_spider_monkey%2C_Costa_Rica.JPG/1200px-Panama_spider_monkey%2C_Costa_Rica.JPG
https://cdn.jwplayer.com/thumbs/DJRnJlVn-720.jpg
https://cdn8.dissolve.com/p/D1129_21_416/D1129_21_416_1200.jpg